[
  {
    "city": "東京",
    "weather": "晴",
    "max": 9,
    "min": 1,
    "rain": 20
  },
  {
    "city": "大阪",
    "weather": "晴時々曇",
    "max": 12,
    "min": 3,
    "rain": 90
  },
  {
    "city": "名古屋",
    "weather": "曇",
    "max": 8,
    "min": 2,
    "rain": 40
  },
  {
    "city": "福岡",
    "weather": "曇のち雨",
    "max": 10,
    "min": 5,
    "rain": 70
  },
  {
    "city": "札幌",
    "weather": "雪",
    "max": 1,
    "min": -1,
    "rain": 60
  }
]
